dataset	gsm	tissue_context	patient_id	total_singlet_cells	B_cell	CD8	T_NK	acinar	endothelial	epithelial	fibroblast_CAF	malignant_epithelial	mast	myeloid	unknown_ambiguous	prop_B_cell	prop_CD8	prop_T_NK	prop_acinar	prop_endothelial	prop_epithelial	prop_fibroblast_CAF	prop_malignant_epithelial	prop_mast	prop_myeloid	prop_unknown_ambiguous	malignant_epithelial_program	CAF_program	myeloid_program	CD8_activation	CD8_exhaustion
GSE154778	GSM4679532	primary_tumor	P01	551	23	8	31	0	22	119	160	40	14	16	118	0.0417422867513612	0.014519056261343	0.0562613430127042	0.0	0.0399274047186933	0.215970961887477	0.29038112522686	0.0725952813067151	0.0254083484573503	0.029038112522686	0.214156079854809	0.755441247361412	0.705161282041047	0.289513519248085	0.0771628322748162	0.0404394443702759
GSE154778	GSM4679533	primary_tumor	P02	104	17	18	3	0	0	31	3	2	0	9	21	0.163461538461538	0.173076923076923	0.0288461538461538	0.0	0.0	0.298076923076923	0.0288461538461538	0.0192307692307692	0.0	0.0865384615384615	0.201923076923077	0.737960857320352	0.0407384242519023	0.468475565300014	0.283947048794271	0.067521089701318
GSE154778	GSM4679534	primary_tumor	P03	710	14	0	0	8	15	94	106	164	0	11	298	0.0197183098591549	0.0	0.0	0.0112676056338028	0.0211267605633803	0.132394366197183	0.149295774647887	0.230985915492958	0.0	0.0154929577464789	0.419718309859155	0.90109822931077	0.531726083362303	0.268031595311474	0.0047162216977959	0.0142249850788509
GSE154778	GSM4679535	primary_tumor	P04	821	1	0	0	40	0	301	258	98	0	1	122	0.0012180267965895	0.0	0.0	0.048721071863581	0.0	0.366626065773447	0.314250913520097	0.119366626065773	0.0	0.0012180267965895	0.148599269183922	1.05478609419093	0.770867809861621	0.125382365860426	0.0002501117577148	0.0050299116701895
GSE154778	GSM4679536	primary_tumor	P05	711	39	3	1	0	8	11	550	18	0	46	35	0.0548523206751055	0.0042194092827004	0.0014064697609001	0.0	0.0112517580872011	0.0154711673699015	0.773558368495077	0.0253164556962025	0.0	0.0646976090014065	0.0492264416315049	0.35400953852374	2.16545957207832	0.385800156616451	0.0241256684340328	0.0499386916238814
GSE154778	GSM4679537	primary_tumor	P06	716	47	0	0	3	7	65	248	154	0	21	171	0.0656424581005587	0.0	0.0	0.0041899441340782	0.0097765363128491	0.0907821229050279	0.346368715083799	0.215083798882682	0.0	0.0293296089385475	0.238826815642458	1.0124634373846	0.948221350220413	0.580089920224081	0.0248762836201231	0.0333682272368738
GSE154778	GSM4679538	primary_tumor	P07	1044	167	16	5	0	8	158	154	2	7	421	106	0.159961685823755	0.0153256704980843	0.0047892720306513	0.0	0.0076628352490421	0.151340996168582	0.147509578544061	0.0019157088122605	0.0067049808429118	0.403256704980843	0.101532567049808	0.500953152144052	0.566445900646224	1.28180596854441	0.107869627931962	0.147428529141466
GSE154778	GSM4679539	primary_tumor	P08	1078	58	2	1	0	8	435	158	77	5	47	287	0.0538033395176252	0.0018552875695732	0.0009276437847866	0.0	0.0074211502782931	0.403525046382189	0.146567717996289	0.0714285714285714	0.0046382189239332	0.0435992578849722	0.266233766233766	1.61552802532844	0.383445971954225	0.672218627900064	0.0120958041109264	0.0326147574341814
GSE154778	GSM4679540	primary_tumor	P09	814	38	1	0	0	19	40	244	148	6	224	94	0.0466830466830467	0.0012285012285012	0.0	0.0	0.0233415233415233	0.0491400491400491	0.2997542997543	0.181818181818182	0.0073710073710073	0.275184275184275	0.115479115479116	0.840622049996278	1.08396833832044	0.989166372535768	0.0278346714358456	0.0498064257408946
GSE154778	GSM4679541	primary_tumor	P10	1455	44	0	0	0	0	290	128	377	0	53	563	0.0302405498281787	0.0	0.0	0.0	0.0	0.199312714776632	0.0879725085910653	0.259106529209622	0.0	0.036426116838488	0.386941580756014	1.43977214505566	0.310770986161592	0.574015344093975	0.0708664485077173	0.0160899366250519
GSE154778	GSM4679542	metastasis	MET01	395	1	1	1	0	0	39	0	249	0	10	94	0.0025316455696202	0.0025316455696202	0.0025316455696202	0.0	0.0	0.0987341772151899	0.0	0.630379746835443	0.0	0.0253164556962025	0.237974683544304	1.80749451957598	0.0077720977155859	0.342511659355635	0.0086649956655942	0.0080657735989071
GSE154778	GSM4679543	metastasis	MET02	723	5	0	1	0	2	262	0	201	0	15	237	0.0069156293222683	0.0	0.0013831258644536	0.0	0.0027662517289073	0.36237897648686	0.0	0.278008298755187	0.0	0.020746887966805	0.327800829875519	1.79816855896416	0.0055871540051496	0.406337303344846	0.0053479559936487	0.0044656304477013
GSE154778	GSM4679544	metastasis	MET03	128	10	11	16	0	4	8	1	15	0	26	37	0.078125	0.0859375	0.125	0.0	0.03125	0.0625	0.0078125	0.1171875	0.0	0.203125	0.2890625	0.731833851135713	0.049908984875435	0.787291612567951	0.222816405095029	0.0564132145347443
GSE154778	GSM4679545	metastasis	MET04	255	17	15	13	1	0	32	0	45	0	83	49	0.0666666666666667	0.0588235294117647	0.0509803921568627	0.0039215686274509	0.0	0.125490196078431	0.0	0.176470588235294	0.0	0.325490196078431	0.192156862745098	0.897325976595242	0.0065363079190393	0.878178080055552	0.173828857732598	0.0620152705591613
GSE154778	GSM4679546	metastasis	MET05	2745	4	0	7	2368	0	175	0	0	0	82	109	0.0014571948998178	0.0	0.0025500910746812	0.862659380692168	0.0	0.063752276867031	0.0	0.0	0.0	0.0298724954462659	0.0397085610200364	1.27927496441811	0.0056240902832134	0.496568209288609	0.0188744435512638	0.0171329866710564
GSE154778	GSM4679547	metastasis	MET06	2370	17	22	15	0	0	892	1	486	0	90	847	0.0071729957805907	0.0092827004219409	0.0063291139240506	0.0	0.0	0.376371308016878	0.00042194092827	0.205063291139241	0.0	0.0379746835443038	0.357383966244726	1.70498626131568	0.0107521146101457	0.651769882621998	0.136775933201804	0.0256806350070378
GSE155698	GSM4710689	primary_tumor	1	1436	44	47	281	246	0	301	3	11	0	378	125	0.0306406685236769	0.0327298050139276	0.195682451253482	0.171309192200557	0.0	0.209610027855153	0.0020891364902507	0.0076601671309192	0.0	0.263231197771588	0.0870473537604457	0.696742634173559	0.0156603546359795	0.7451984676833	0.365713113601687	0.105506477536619
GSE155698	GSM4710690	primary_tumor	2	1692	41	23	115	4	6	221	139	462	4	304	373	0.0242316784869976	0.0135933806146572	0.0679669030732861	0.0023640661938534	0.0035460992907801	0.130614657210402	0.0821513002364066	0.273049645390071	0.0023640661938534	0.179669030732861	0.220449172576832	1.03888138302963	0.26256061902767	0.723573918866672	0.13242718589799	0.0359823667500117
GSE155698	GSM4710691	primary_tumor	3	2054	221	156	525	1	4	302	26	175	14	179	451	0.107594936708861	0.0759493670886076	0.255598831548199	0.0004868549172346	0.0019474196689386	0.147030185004869	0.0126582278481013	0.0851996105160662	0.0068159688412853	0.0871470301850049	0.219571567672834	0.812502673099073	0.0429344951153633	0.579938783130085	0.349912294634764	0.0660055660418203
GSE155698	GSM4710692	primary_tumor	4	1964	79	75	415	262	73	136	136	59	17	499	213	0.0402240325865581	0.0381873727087576	0.211303462321792	0.133401221995927	0.0371690427698574	0.0692464358452139	0.0692464358452139	0.030040733197556	0.0086558044806517	0.254073319755601	0.108452138492872	0.410512118218858	0.210488206832873	0.814330606594945	0.330603543976356	0.0677675241925422
GSE155698	GSM4710693	primary_tumor	5	1435	64	21	196	129	14	184	111	91	6	407	212	0.0445993031358885	0.0146341463414634	0.136585365853659	0.0898954703832753	0.0097560975609756	0.128222996515679	0.0773519163763066	0.0634146341463415	0.0041811846689895	0.283623693379791	0.147735191637631	0.630357436195616	0.224521224727494	0.905342499223595	0.239268966517299	0.0610989153438721
GSE155698	GSM4710694	primary_tumor	6	2036	444	137	345	6	3	633	57	20	41	122	228	0.218074656188605	0.0672888015717092	0.169449901768173	0.0029469548133595	0.0014734774066797	0.31090373280943	0.0279960707269155	0.0098231827111984	0.0201375245579568	0.0599214145383104	0.111984282907662	0.757999050708949	0.0885052060108743	0.380035737380404	0.280569820620336	0.0786818528091519
GSE155698	GSM4710695	primary_tumor	7	6691	1957	331	913	2	110	45	937	28	1034	725	609	0.292482439097295	0.0494694365565685	0.136451950381109	0.0002989089822149	0.0164399940218204	0.0067254520998356	0.140038858167688	0.0041847257510088	0.154535943805111	0.108354506052907	0.0910177850844418	0.200338231342551	0.343344625584824	0.69150372946179	0.245366823440636	0.147496305147558
GSE155698	GSM4710696	primary_tumor	8	4133	808	308	822	1	21	325	438	177	321	286	626	0.195499637067505	0.0745221388821679	0.198887007016695	0.0002419549963706	0.0050810549237841	0.0786353738204694	0.105976288410356	0.0428260343576095	0.0776675538349867	0.0691991289620131	0.151463827728043	0.426359126632628	0.324272681903029	0.503170527535013	0.373361887134803	0.116357527486143
GSE155698	GSM4710697	primary_tumor	9	3935	95	87	469	127	6	110	47	79	21	2690	204	0.0241423125794155	0.0221092757306226	0.119186785260483	0.032274459974587	0.0015247776365946	0.0279542566709022	0.0119440914866582	0.0200762388818297	0.0053367217280813	0.683608640406607	0.0518424396442186	0.189942222140991	0.0343223167712168	1.76313240545074	0.223492823505201	0.0849276433944642
GSE155698	GSM4710698	primary_tumor	10	1244	130	117	291	19	4	46	28	47	7	395	160	0.104501607717042	0.0940514469453376	0.233922829581994	0.0152733118971061	0.0032154340836012	0.0369774919614148	0.022508038585209	0.0377813504823151	0.0056270096463022	0.317524115755627	0.128617363344051	0.238935962518585	0.06230465280889	0.653858935717153	0.377827597951636	0.112347703099161
GSE155698	GSM4710699	primary_tumor	11	3110	241	6	91	11	24	582	123	629	18	860	525	0.077491961414791	0.0019292604501607	0.0292604501607717	0.0035369774919614	0.007717041800643	0.187138263665595	0.0395498392282958	0.202250803858521	0.0057877813504823	0.276527331189711	0.168810289389068	0.818788084676307	0.111374575934281	0.840895218391344	0.0552337413624594	0.0316598868879896
GSE155698	GSM4710700	primary_tumor	11	1765	164	12	197	6	4	103	29	84	9	862	295	0.0929178470254958	0.006798866855524	0.111614730878187	0.003399433427762	0.0022662889518413	0.058356940509915	0.0164305949008499	0.0475920679886686	0.005099150141643	0.488385269121813	0.1671388101983	0.347790709616445	0.0493681084449685	0.868353357029782	0.115284411615263	0.0995225691580384
GSE155698	GSM4710701	primary_tumor	12	1573	65	46	166	315	2	7	1	8	0	896	67	0.0413223140495868	0.0292434837889383	0.10553083280356	0.200254291163382	0.0012714558169103	0.0044500953591862	0.0006357279084551	0.0050858232676414	0.0	0.569612205975842	0.0425937698664971	0.216409478424945	0.0078938620693051	1.26435119271058	0.198413048420218	0.077139565349848
GSE155698	GSM4710702	primary_tumor	13	4658	268	110	365	1	3	766	52	719	30	1132	1212	0.0575354229282954	0.0236152855302705	0.0783598110777158	0.0002146844139115	0.0006440532417346	0.164448261056247	0.0111635895234006	0.154358093602404	0.0064405324173465	0.243022756547875	0.260197509660799	1.0625936404599	0.0537543935348769	0.769937605207306	0.127716931586611	0.0425393978689356
GSE155698	GSM4710704	primary_tumor	15	2845	195	116	594	7	2	258	129	135	7	853	549	0.0685413005272408	0.0407732864674868	0.208787346221441	0.0024604569420035	0.0007029876977152	0.0906854130052724	0.0453427065026362	0.0474516695957821	0.0024604569420035	0.299824253075571	0.192970123022847	0.719437815545371	0.150127507665572	1.0056608721156	0.315617172628974	0.0876804264148154
GSE155698	GSM4710706	adjacent_normal	1	3914	322	396	375	838	97	248	351	61	184	618	424	0.0822687787429739	0.101175268267757	0.0958099131323454	0.214103219213081	0.0247828308635667	0.0633622892181911	0.0896780786918753	0.0155850792028615	0.0470107307102708	0.157894736842105	0.108329075114972	0.292128835765933	0.119326653761915	0.587537665891578	0.341107964040833	0.0764290221962795
GSE155698	GSM4710707	adjacent_normal	2	2736	30	15	89	1815	25	6	0	0	43	567	146	0.0109649122807018	0.0054824561403508	0.0325292397660819	0.663377192982456	0.0091374269005848	0.0021929824561403	0.0	0.0	0.0157163742690058	0.207236842105263	0.0533625730994152	0.208928408581509	0.0218039220229147	0.716661708206335	0.279378967037801	0.0444606378715243
GSE155698	GSM4710708	adjacent_normal	3	840	10	2	18	582	20	86	19	9	5	55	34	0.0119047619047619	0.0023809523809523	0.0214285714285714	0.692857142857143	0.0238095238095238	0.102380952380952	0.0226190476190476	0.0107142857142857	0.0059523809523809	0.0654761904761905	0.0404761904761905	0.427235407220746	0.0731577495741893	0.295882978955113	0.0982294981509277	0.0236510964942642
GSE155698	GSM4710726	healthy_pbmc	1	3406	166	195	1853	0	2	0	3	2	4	883	298	0.0487375220199648	0.0572519083969466	0.544039929536113	0.0	0.0005871990604815	0.0	0.0008807985907222	0.0005871990604815	0.001174398120963	0.259248385202584	0.087492660011744	0.130551787069843	0.0070795753146737	0.720805864441403	0.581947645297026	0.0577214876013815
GSE155698	GSM4710727	healthy_pbmc	2	2409	100	201	1076	0	4	25	2	31	4	787	179	0.04151100041511	0.0834371108343711	0.446658364466584	0.0	0.0016604400166044	0.0103777501037775	0.0008302200083022	0.0128684101286841	0.0016604400166044	0.326691573266916	0.0743046907430469	0.146497290253688	0.0051302237124417	0.901024430269423	0.618745610980652	0.0778211810958514
GSE155698	GSM4710728	healthy_pbmc	3	5919	520	352	3596	1	2	233	33	118	0	473	591	0.0878526778171989	0.05946950498395	0.607535056597398	0.0001689474573407	0.0003378949146815	0.0393647575603987	0.0055752660922453	0.0199357999662105	0.0	0.0799121473221828	0.0998479472883933	0.271335748336753	0.018666419585823	0.400746093488398	0.771549755373561	0.0655615297147026
GSE155698	GSM4710729	healthy_pbmc	4	3102	70	84	559	440	0	212	7	48	0	1505	177	0.0225660863958736	0.0270793036750484	0.180206318504191	0.141843971631206	0.0	0.0683430045132173	0.0022566086395873	0.0154738878143133	0.0	0.485170857511283	0.0570599613152805	0.246745474539119	0.0049681021038578	1.1227928594553	0.274208680294098	0.0667509027202762
GSE212966	GSM6567157	primary_tumor	PDAC1	6989	498	632	1017	33	475	347	2059	214	441	253	1020	0.0712548290170268	0.0904278151380741	0.145514379739591	0.0047217055372728	0.0679639433395336	0.049649449134354	0.294605809128631	0.0306195449992846	0.0630991558162827	0.0361997424524252	0.145943625697525	0.390569311796576	0.695553745490009	0.289387568809956	0.234024095416077	0.0745714619878706
GSE212966	GSM6567159	primary_tumor	PDAC2	5700	496	396	707	0	116	265	2526	141	153	288	612	0.0870175438596491	0.0694736842105263	0.124035087719298	0.0	0.0203508771929825	0.0464912280701754	0.443157894736842	0.0247368421052632	0.0268421052631579	0.0505263157894737	0.107368421052632	0.46294978819249	1.37040739079663	0.363973283390614	0.243166569354412	0.124743433077977
GSE212966	GSM6567160	primary_tumor	PDAC3	5679	665	260	1394	1	59	600	661	124	54	1164	697	0.117098080648001	0.0457827082232788	0.245465751012502	0.0001760873393203	0.0103891530198979	0.105652403592182	0.11639373129072	0.0218348300757176	0.0095087163232963	0.204965662968833	0.122732875506251	0.576118473133428	0.499884759230324	0.749729179225308	0.242151377472676	0.0987600519116851
GSE212966	GSM6567161	primary_tumor	PDAC4	5929	741	788	1216	1	68	283	1246	269	21	296	1000	0.124978917186709	0.132906054983977	0.20509360769101	0.0001686625063248	0.0114690504300894	0.0477314892899308	0.210153482880756	0.045370214201383	0.0035419126328217	0.0499241018721538	0.168662506324844	0.590851661294135	0.775307211848774	0.296738016642082	0.361485042915094	0.102693889828338
GSE212966	GSM6567163	primary_tumor	PDAC5	4416	315	125	418	7	59	887	1770	23	85	421	306	0.0713315217391304	0.0283061594202899	0.0946557971014493	0.0015851449275362	0.0133605072463768	0.200860507246377	0.400815217391304	0.0052083333333333	0.0192481884057971	0.0953351449275362	0.0692934782608696	0.530949301834482	1.40058592022904	0.467732493005348	0.118676751839569	0.0765482038339927
GSE212966	GSM6567164	primary_tumor	PDAC6	4772	805	310	1170	5	96	124	565	496	14	572	615	0.168692372170997	0.0649622799664711	0.245180217937972	0.0010477787091366	0.0201173512154233	0.0259849119865884	0.118398994132439	0.103939647946354	0.0029337803855825	0.119865884325231	0.128876781223806	0.461982269541366	0.386417257062298	0.424285564348961	0.241426591611791	0.0832522542605961
GSE212966	GSM6567165	adjacent_normal	ADJ1	4138	178	598	874	1076	29	133	140	3	11	617	479	0.0430159497341711	0.144514258095698	0.211213146447559	0.260028999516675	0.0070082165297245	0.0321411309811503	0.0338327694538424	0.000724987916868	0.0026582890285161	0.149105848235863	0.115756404059932	0.273744428937436	0.0937684017927679	0.586152633980657	0.629769330156936	0.0749980333425052
GSE212966	GSM6567166	adjacent_normal	ADJ2	5768	887	889	722	2	771	21	1516	8	94	231	627	0.15377947295423	0.154126213592233	0.125173370319001	0.0003467406380027	0.133668515950069	0.0036407766990291	0.262829403606103	0.0013869625520111	0.0162968099861304	0.0400485436893204	0.10870319001387	0.155551976852375	0.56406404145731	0.272895920048085	0.342674460981457	0.110676537344188
GSE212966	GSM6567167	adjacent_normal	ADJ3	1528	8	3	13	1397	33	14	4	0	6	9	41	0.0052356020942408	0.0019633507853403	0.0085078534031413	0.914267015706806	0.0215968586387435	0.0091623036649214	0.0026178010471204	0.0	0.0039267015706806	0.0058900523560209	0.0268324607329843	0.440955491246312	0.0564628988239489	0.18068733876388	0.16350647403729	0.0301927111450516
GSE212966	GSM6567169	adjacent_normal	ADJ4	4064	73	81	106	2457	247	159	304	2	39	399	197	0.0179625984251969	0.0199311023622047	0.0260826771653543	0.604576771653543	0.0607775590551181	0.0391240157480315	0.0748031496062992	0.0004921259842519	0.0095964566929133	0.0981791338582677	0.0484744094488189	0.367046330335699	0.400997142205063	0.476486135372078	0.180957053666261	0.0468498639845667
GSE212966	GSM6567170	adjacent_normal	ADJ5	3198	246	110	245	1312	380	347	115	5	9	119	310	0.0769230769230769	0.034396497811132	0.0766103814884303	0.41025641025641	0.118824265165729	0.108505315822389	0.0359599749843652	0.0015634771732332	0.0028142589118198	0.0372107567229518	0.0969355847404628	0.537191500162183	0.146128007473032	0.283114925149344	0.218855859026006	0.0489996865012565
GSE212966	GSM6567171	adjacent_normal	ADJ6	5846	2627	428	2049	0	69	0	43	2	20	173	435	0.449367088607595	0.0732124529592884	0.350496065685939	0.0	0.011802942182689	0.0	0.0073554567225453	0.0003421142661648	0.0034211426616489	0.0295928840232638	0.0744098528908656	0.0739898328782088	0.0243794608551114	0.186633511880146	0.31829610608448	0.104500052414964
