group	pdb_id	compound	affinity_kcal_mol	contact_count	contacts
Y-39983	5TBM	BRD-K56751279	-6.276	18	A:ALA277;A:ASN341;A:CYS339;A:HIS248;A:HIS293;A:ILE261;A:LEU319;A:MET289;A:MET309;A:PHE244;A:PHE254;A:SER246;A:SER292;A:SER304;A:THR321;A:TYR281;A:TYR307;A:VAL302
Y-39983	6CZW	BRD-K56751279	-6.402	19	A:ALA277;A:ASN341;A:CYS339;A:HIS248;A:HIS293;A:ILE261;A:LEU296;A:LEU319;A:MET252;A:MET289;A:MET309;A:PHE244;A:PHE254;A:SER246;A:SER292;A:SER304;A:TYR281;A:TYR307;A:VAL302
Y-39983	6D09	BRD-K56751279	-6.174	19	A:ALA277;A:ASN341;A:CYS339;A:GLY323;A:HIS248;A:HIS293;A:ILE261;A:LEU296;A:LEU319;A:MET289;A:MET309;A:PHE244;A:PHE254;A:SER246;A:SER292;A:THR321;A:TYR281;A:TYR307;A:VAL302
Y-39983	6D0B	BRD-K56751279	-7.729	21	A:ALA277;A:ASN341;A:CYS339;A:GLN322;A:GLY323;A:HIS248;A:LEU296;A:LEU319;A:MET289;A:MET309;A:PHE244;A:PHE254;A:PHE280;A:SER246;A:SER292;A:SER304;A:THR321;A:TYR281;A:TYR307;A:VAL302;A:VAL303
Y-39983	6X21	BRD-K56751279	-6.182	17	A:ALA277;A:ASN341;A:CYS339;A:GLY323;A:HIS248;A:LEU296;A:MET252;A:MET309;A:PHE244;A:PHE254;A:PHE280;A:SER246;A:SER292;A:THR321;A:TYR281;A:TYR307;A:VAL302
triclabendazole	5TBM	BRD-K81916719	-5.545	18	A:ALA277;A:ASN341;A:CYS339;A:GLY323;A:HIS248;A:LEU319;A:MET252;A:MET289;A:MET309;A:PHE244;A:PHE254;A:SER246;A:SER292;A:SER304;A:THR321;A:TYR281;A:TYR307;A:VAL302
triclabendazole	6CZW	BRD-K81916719	-6.967	18	A:ALA277;A:ASN341;A:CYS339;A:GLY323;A:HIS248;A:LEU319;A:MET252;A:MET289;A:MET309;A:PHE244;A:PHE254;A:SER246;A:SER292;A:SER304;A:THR321;A:TYR281;A:TYR307;A:VAL302
triclabendazole	6D09	BRD-K81916719	-5.445	19	A:ALA277;A:ASN341;A:CYS339;A:GLY323;A:HIS248;A:LEU319;A:MET252;A:MET289;A:MET309;A:PHE244;A:PHE254;A:SER246;A:SER292;A:SER304;A:THR321;A:TYR281;A:TYR307;A:VAL302;A:VAL303
triclabendazole	6D0B	BRD-K81916719	-6.491	18	A:ALA277;A:ASN341;A:CYS339;A:GLY323;A:HIS248;A:LEU296;A:LEU319;A:MET252;A:MET309;A:PHE244;A:PHE254;A:SER246;A:SER292;A:SER304;A:THR321;A:TYR281;A:TYR307;A:VAL302
triclabendazole	6X21	BRD-K81916719	-6.126	19	A:ALA277;A:ASN341;A:GLN322;A:GLY323;A:HIS248;A:LEU319;A:MET252;A:MET289;A:MET309;A:PHE244;A:PHE254;A:SER246;A:SER292;A:SER304;A:THR321;A:TYR281;A:TYR307;A:VAL302;A:VAL303
negative_control	5TBM	BRD-K49448285_negative	-3.659	17	A:ALA277;A:ASN341;A:CYS339;A:GLY323;A:HIS248;A:HIS293;A:LEU296;A:MET252;A:MET289;A:MET309;A:PHE254;A:SER246;A:SER304;A:THR321;A:TYR281;A:TYR307;A:VAL302
negative_control	6CZW	BRD-K49448285_negative	-5.384	17	A:ALA277;A:ASN341;A:CYS339;A:GLY323;A:HIS248;A:HIS293;A:LEU296;A:LEU319;A:MET252;A:MET289;A:MET309;A:SER246;A:SER304;A:THR321;A:TYR281;A:TYR307;A:VAL302
negative_control	6D09	BRD-K49448285_negative	-3.302	15	A:ALA277;A:ASN341;A:CYS339;A:GLY323;A:HIS248;A:HIS293;A:MET252;A:MET289;A:MET309;A:SER246;A:SER304;A:THR321;A:TYR281;A:TYR307;A:VAL302
negative_control	6D0B	BRD-K49448285_negative	-3.203	19	A:ALA277;A:ASN341;A:CYS339;A:GLY323;A:HIS248;A:ILE337;A:LEU296;A:LEU319;A:MET252;A:MET289;A:MET309;A:PHE244;A:PHE254;A:SER246;A:SER304;A:THR321;A:TYR281;A:TYR307;A:VAL302
negative_control	6X21	BRD-K49448285_negative	-3.398	16	A:ALA277;A:ASN341;A:CYS339;A:GLY323;A:HIS248;A:LEU296;A:LEU319;A:MET252;A:MET289;A:MET309;A:PHE280;A:SER304;A:THR321;A:TYR281;A:TYR307;A:VAL302
