module	trait	rho	p	padj
ME10	T_NK	0.136509246975038	0.0692256419736241	0.0967985671665082
ME7	T_NK	-0.300015213915094	4.72910592493401e-05	0.0001164630563603
ME3	T_NK	-0.240493696864338	0.0012225227412869	0.0025214531539044
ME5	T_NK	-0.0698212311780996	0.354394360676055	0.408916570010833
ME0	T_NK	0.0499005775968185	0.508305452829066	0.562888588703329
ME9	T_NK	0.658299722638625	1.7706975952544502e-23	3.24627892463315e-22
ME1	T_NK	0.832974618295637	4.16380452342585e-47	1.71756936591316e-45
ME6	T_NK	0.448626438805484	3.37977929519837e-10	1.7989147861539702e-09
ME4	T_NK	0.184459677273496	0.0137070830716419	0.0221732226158913
ME2	T_NK	0.34082893495147	3.23445907397746e-06	1.00695424001185e-05
ME8	T_NK	0.296717092461239	5.77650356939836e-05	0.0001381337810073
ME10	endothelial	0.151146522769273	0.0440174893767053	0.0666319793317099
ME7	endothelial	-0.302394117002454	4.08746679470793e-05	0.0001021866698676
ME3	endothelial	-0.220630494430962	0.0030824249971868	0.005714608140852
ME5	endothelial	-0.130374741070868	0.0828165391263301	0.112931644263177
ME0	endothelial	-0.0439426807769523	0.560284147865065	0.596431512243456
ME9	endothelial	0.750396040551999	1.8010629553610798e-33	5.94350775269157e-32
ME1	endothelial	0.844396757627438	1.3927300797531e-49	7.66001543864205e-48
ME6	endothelial	0.502249638004573	9.14145823562357e-13	6.2847525369912e-12
ME4	endothelial	0.264650840648602	0.0003571550951276	0.0007963593337305
ME2	endothelial	0.451871364752019	2.43133412930153e-10	1.3372337711158402e-09
ME8	endothelial	0.439006563261693	8.794678583181531e-10	4.53475614445298e-09
ME10	CAF_ECM	-0.0225751093965608	0.764859404215999	0.788761260597749
ME7	CAF_ECM	-0.296470265307273	5.86307213603968e-05	0.0001382009860637
ME3	CAF_ECM	0.0303437812856077	0.687627383116228	0.718091887431504
ME5	CAF_ECM	-0.101325738433435	0.178368284558426	0.224662343146109
ME0	CAF_ECM	-0.222273171697011	0.0028637589000264	0.0053695479375495
ME9	CAF_ECM	0.43000588342311	2.0953096704515e-09	1.04765483522575e-08
ME1	CAF_ECM	0.374361254945852	2.63491406146415e-07	9.66135155870187e-07
ME6	CAF_ECM	0.929164862452377	5.55239261109548e-78	9.16144780830755e-76
ME4	CAF_ECM	-0.0970892482304514	0.197309721699035	0.244782737446171
ME2	CAF_ECM	-0.119561158342811	0.111921848404371	0.145410275485994
ME8	CAF_ECM	-0.0056270207643343	0.940576342617324	0.940576342617324
ME10	IFN_gamma	0.054805203371744	0.467478698149099	0.524720987718377
ME7	IFN_gamma	-0.323972342591834	1.02682339553117e-05	2.92113552176971e-05
ME3	IFN_gamma	-0.0792176855911457	0.293211535050545	0.345570737738142
ME5	IFN_gamma	-0.0541881354868293	0.472514073150434	0.526789338309605
ME0	IFN_gamma	-0.122531595471573	0.103227565480546	0.13626038643432
ME9	IFN_gamma	0.304794298292743	3.52373863674761e-05	8.94487500097469e-05
ME1	IFN_gamma	0.570390955061499	9.47585398363981e-17	8.68619948500316e-16
ME6	IFN_gamma	0.311845894743114	2.26138208148087e-05	6.01819424910231e-05
ME4	IFN_gamma	0.146871731801019	0.050426255819751	0.0756393837296266
ME2	IFN_gamma	0.0366336180711522	0.627340834766385	0.663533575233676
ME8	IFN_gamma	0.106415484573835	0.157428057792738	0.201361469269781
ME10	TGFb_fibrosis	-0.0736810971892558	0.328355297279994	0.384245560646802
ME7	TGFb_fibrosis	-0.408199981062399	1.54917175997537e-08	6.39033350989841e-08
ME3	TGFb_fibrosis	-0.180021044142696	0.0161929625959126	0.0259401827992775
ME5	TGFb_fibrosis	-0.273672798690114	0.0002187241521661	0.0004943765083206
ME0	TGFb_fibrosis	-0.343916402196336	2.59820413378461e-06	8.40595455047963e-06
ME9	TGFb_fibrosis	0.553525851420693	1.1173048208932001e-15	9.217764772368871e-15
ME1	TGFb_fibrosis	0.573372031291725	6.036543656780591e-17	5.85899825511057e-16
ME6	TGFb_fibrosis	0.741246413292919	2.73103792962067e-32	7.51035430645684e-31
ME4	TGFb_fibrosis	0.159798240079836	0.0331167370160076	0.0505950148855671
ME2	TGFb_fibrosis	0.166968994466603	0.0259064585927582	0.0399492118486459
ME8	TGFb_fibrosis	0.204669714414599	0.0061351697146355	0.0112478111434986
ME10	TNF_NFkB	-0.0805709792973725	0.285017036822576	0.340781239679167
ME7	TNF_NFkB	-0.194866846325627	0.0091454711003407	0.0157187784537106
ME3	TNF_NFkB	0.0471918623640722	0.531622739605274	0.580912265131591
ME5	TNF_NFkB	-0.0460130499218558	0.541935482445517	0.588285227654673
ME0	TNF_NFkB	-0.145226926714677	0.0530904026661325	0.0789181661253321
ME9	TNF_NFkB	0.252330761153236	0.0006789331632612	0.0014255657038804
ME1	TNF_NFkB	0.451994778329001	2.40090272924515e-10	1.3372337711158402e-09
ME6	TNF_NFkB	0.412168365908489	1.0878201918136e-08	4.60231619613445e-08
ME4	TNF_NFkB	0.0856032742898666	0.255901911009173	0.308203031507398
ME2	TNF_NFkB	-0.0283202241871461	0.70747289132653	0.734169981565267
ME8	TNF_NFkB	0.0941911569916451	0.211082079279668	0.259914500605562
ME10	T_exhaustion	0.119710105763308	0.111472668627383	0.145410275485994
ME7	T_exhaustion	-0.415934607826761	7.744214307899911e-09	3.36261937053549e-08
ME3	T_exhaustion	-0.336445625148282	4.39661093007728e-06	1.31898327902318e-05
ME5	T_exhaustion	-0.259335545557164	0.0004730150220517	0.0010406330485139
ME0	T_exhaustion	-0.198305403918807	0.0079664242776149	0.0138364211137523
ME9	T_exhaustion	0.587813547619022	6.3595203328678494e-18	6.55825534326997e-17
ME1	T_exhaustion	0.868730510496006	1.35960838952822e-55	1.12167692136078e-53
ME6	T_exhaustion	0.463802053133801	7.02753035606426e-11	4.29460188426149e-10
ME4	T_exhaustion	0.0493899007265443	0.512660440005247	0.563926484005772
ME2	T_exhaustion	0.22765017357694	0.0022426373323746	0.0044051804743074
ME8	T_exhaustion	0.227914023293249	0.0022155753763234	0.0044044570734139
ME10	angiogenesis	0.0211622367221354	0.779184675018949	0.796854616927191
ME7	angiogenesis	-0.421390339057525	4.69834809130343e-09	2.15340954184741e-08
ME3	angiogenesis	-0.558194289143116	5.72275091956613e-16	4.9697573775179606e-15
ME5	angiogenesis	-0.332045292782753	5.95551215651517e-06	1.75474911754465e-05
ME0	angiogenesis	-0.190964423908614	0.0106684323992813	0.0179621565906266
ME9	angiogenesis	0.621779942953138	2.0042462145289302e-20	2.8469879823930104e-19
ME1	angiogenesis	0.662238318000615	7.81997609965279e-24	1.61287007055339e-22
ME6	angiogenesis	0.225658533782871	0.002456797483446	0.0047690774678659
ME4	angiogenesis	0.304892178026213	3.50238126828655e-05	8.94487500097469e-05
ME2	angiogenesis	0.547378578594766	2.6542270056249304e-15	2.0854640758481602e-14
ME8	angiogenesis	0.402369753460102	2.58273756838961e-08	1.03939438727874e-07
ME10	antigen_presentation	-0.0090655783575142	0.90440374007168	0.909918397023337
ME7	antigen_presentation	-0.0875140569128094	0.245403143682092	0.299937175611446
ME3	antigen_presentation	0.20292064613391	0.0065966839728003	0.0117037941452909
ME5	antigen_presentation	0.0795985654235586	0.29088953144199	0.345300522934736
ME0	antigen_presentation	-0.0646314774839376	0.391382450959958	0.445366237299263
ME9	antigen_presentation	0.13689012680745	0.0684455728028359	0.0967985671665082
ME1	antigen_presentation	0.397863030079932	3.80866809331186e-08	1.49626246522966e-07
ME6	antigen_presentation	0.346261260159012	2.19656515013943e-06	7.24866499546013e-06
ME4	antigen_presentation	0.0330163235733763	0.661742523564004	0.695461887822043
ME2	antigen_presentation	-0.135136802886175	0.0720967524323853	0.0999660853054081
ME8	antigen_presentation	0.0208494471390924	0.782366351164878	0.796854616927191
ME10	cytotoxic_TNK	0.126714890167236	0.0918964258970032	0.124286149778734
ME7	cytotoxic_TNK	-0.387479267051022	9.12044273975043e-08	3.49970477222982e-07
ME3	cytotoxic_TNK	-0.305502862450249	3.37185764917174e-05	8.83105574783076e-05
ME5	cytotoxic_TNK	-0.222862577918119	0.0027887887099262	0.0052890820360669
ME0	cytotoxic_TNK	-0.167241355464083	0.0256614737858633	0.0399447469308249
ME9	cytotoxic_TNK	0.429565424622498	2.1848260976479402e-09	1.06028325327032e-08
ME1	cytotoxic_TNK	0.696436645746647	3.71866219292804e-27	8.765418026187519e-26
ME6	cytotoxic_TNK	0.252226497958888	0.0006825435794336	0.0014255657038804
ME4	cytotoxic_TNK	0.13747314956768	0.0672653895735245	0.0965112111272308
ME2	cytotoxic_TNK	0.0973254362829533	0.196216741012028	0.244782737446171
ME8	cytotoxic_TNK	0.0681806817323436	0.365842763616374	0.419194833310428
ME10	endothelial_junction	0.0611950477110505	0.417105821442869	0.471386716014202
ME7	endothelial_junction	-0.282111733971396	0.0001361227950707	0.000311948072037
ME3	endothelial_junction	-0.545246502661371	3.5684583805079506e-15	2.67634378538096e-14
ME5	endothelial_junction	-0.342488634779861	2.87601273635521e-06	9.12580964420403e-06
ME0	endothelial_junction	-0.189464310602184	0.0113108699530849	0.0188514499218081
ME9	endothelial_junction	0.602610409935219	5.62680492396554e-19	6.6315915175308094e-18
ME1	endothelial_junction	0.619111656305955	3.2322921962107704e-20	4.1025247105752103e-19
ME6	endothelial_junction	0.142452249052854	0.0578483580426814	0.084468841389756
ME4	endothelial_junction	0.323616996602935	1.05136886729553e-05	2.94026886616546e-05
ME2	endothelial_junction	0.517099695828089	1.46975638466135e-13	1.05439044986575e-12
ME8	endothelial_junction	0.373144141738365	2.90067523346486e-07	1.04045959461239e-06
ME10	glycolysis	-0.142794828119996	0.0572425400560472	0.0843305277611409
ME7	glycolysis	0.203341954551886	0.0064827730321575	0.011626712503326
ME3	glycolysis	0.644115672566758	3.0440743903949597e-22	5.0227227441516805e-21
ME5	glycolysis	0.338984114757604	3.68263502629995e-06	1.12524959136943e-05
ME0	glycolysis	0.0441107785800842	0.55878331469743	0.596431512243456
ME9	glycolysis	-0.357019519559456	9.98860274177431e-07	3.36350908651584e-06
ME1	glycolysis	-0.421988256559804	4.4455314366568e-09	2.09575053442392e-08
ME6	glycolysis	0.124527490906228	0.0976910918591816	0.129992178683588
ME4	glycolysis	-0.295321242349156	6.28233893422401e-05	0.0001459980174854
ME2	glycolysis	-0.464470188705743	6.54629938921434e-11	4.15438230469372e-10
ME8	glycolysis	-0.234933702439227	0.0015960703125981	0.0032464405935101
ME10	hypoxia	-0.194556184562877	0.0092592427316542	0.0157502582548758
ME7	hypoxia	0.254747965005868	0.0006000088929126	0.0012857333419555
ME3	hypoxia	0.597371716374322	1.34689416881761e-18	1.48158358569937e-17
ME5	hypoxia	0.257880116476883	0.0005103223721222	0.0011079367289495
ME0	hypoxia	-0.0448235983781754	0.552440624181199	0.595769300587567
ME9	hypoxia	-0.313884346583625	1.98504499147881e-05	5.36938399334432e-05
ME1	hypoxia	-0.329217419613609	7.22030372515076e-06	2.09008792043838e-05
ME6	hypoxia	0.141503241202261	0.0595542261078313	0.0861969062087032
ME4	hypoxia	-0.17226088353482	0.0214895990042951	0.0340940753433528
ME2	hypoxia	-0.379716978622854	1.71826724072245e-07	6.44350215270918e-07
ME8	hypoxia	-0.168901055292474	0.0242111297842354	0.0380460610895127
ME10	myeloid_inflammation	0.01955998804165	0.7955202538544	0.805281238564269
ME7	myeloid_inflammation	-0.299040672220987	5.018361938006e-05	0.0001217690764369
ME3	myeloid_inflammation	-0.200548126507428	0.0072720975954328	0.0127648521621959
ME5	myeloid_inflammation	-0.131466312881079	0.0802526051355369	0.110347332061363
ME0	myeloid_inflammation	-0.187536505416899	0.0121863215838046	0.0201074306132776
ME9	myeloid_inflammation	0.36995879476003	3.72318003391307e-07	1.30707384169289e-06
ME1	myeloid_inflammation	0.621599078228249	2.0705367144676402e-20	2.8469879823930104e-19
ME6	myeloid_inflammation	0.361890100209697	6.9243345359329e-07	2.38023999672694e-06
ME4	myeloid_inflammation	0.203850503601868	0.0063476134649782	0.0115094090299056
ME2	myeloid_inflammation	0.112456366385121	0.135037266196548	0.174071475956487
ME8	myeloid_inflammation	0.186255557600627	0.0128004382724932	0.0209116070788255
ME10	oxidative_phosphorylation	0.0867693198103261	0.249458898025081	0.302652339515723
ME7	oxidative_phosphorylation	0.322565853378287	1.12726927638103e-05	3.09999051004783e-05
ME3	oxidative_phosphorylation	0.0703744644542301	0.350584822479898	0.407369688092839
ME5	oxidative_phosphorylation	0.103670596396111	0.168479095898556	0.213838852486628
ME0	oxidative_phosphorylation	0.136685856059341	0.0688630384012919	0.0967985671665082
ME9	oxidative_phosphorylation	-0.416206968824241	7.554995748467181e-09	3.36261937053549e-08
ME1	oxidative_phosphorylation	-0.458491013682948	1.22838228397405e-10	7.23868131627565e-10
ME6	oxidative_phosphorylation	-0.471253679799219	3.1580474367661896e-11	2.08431130826569e-10
ME4	oxidative_phosphorylation	-0.125912701916847	0.0939888715854947	0.126082632614688
ME2	oxidative_phosphorylation	-0.224854217712189	0.0025484231748	0.0048894165563024
ME8	oxidative_phosphorylation	-0.234706025667896	0.0016133825979868	0.0032464405935101
