patient_id	sample_id	genes_detected	library_size	mapped_to_reference
TCGA-IB-7888	TCGA-IB-7888-01A	30983	39608016	60616
TCGA-FB-A78T	TCGA-FB-A78T-01A	34795	54986232	60616
TCGA-2J-AABI	TCGA-2J-AABI-01A	33893	61526273	60616
TCGA-HZ-7918	TCGA-HZ-7918-01A	31757	57046825	60616
TCGA-2J-AABO	TCGA-2J-AABO-01A	30064	28125462	60616
TCGA-IB-AAUN	TCGA-IB-AAUN-01A	32785	40816699	60616
TCGA-HZ-7924	TCGA-HZ-7924-01A	34614	81724637	60616
TCGA-3A-A9I7	TCGA-3A-A9I7-01A	33634	53455287	60616
TCGA-FB-AAPY	TCGA-FB-AAPY-01A	33427	44307533	60616
TCGA-RB-A7B8	TCGA-RB-A7B8-01A	33424	42415710	60616
TCGA-FB-A545	TCGA-FB-A545-01A	31620	28244896	60616
TCGA-2J-AABK	TCGA-2J-AABK-01A	34990	53060771	60616
TCGA-FB-AAQ6	TCGA-FB-AAQ6-01A	28573	22753061	60616
TCGA-PZ-A5RE	TCGA-PZ-A5RE-01A	31556	55536456	60616
TCGA-US-A779	TCGA-US-A779-01A	32051	43150128	60616
TCGA-IB-AAUM	TCGA-IB-AAUM-01A	33566	47588047	60616
TCGA-IB-A7M4	TCGA-IB-A7M4-01A	32063	43037193	60616
TCGA-3A-A9IU	TCGA-3A-A9IU-01A	33378	51876067	60616
TCGA-2J-AABV	TCGA-2J-AABV-01A	26048	40098007	60616
TCGA-HV-AA8X	TCGA-HV-AA8X-01A	32066	48836446	60616
TCGA-US-A77G	TCGA-US-A77G-01A	32644	45371263	60616
TCGA-IB-AAUU	TCGA-IB-AAUU-01A	33268	48722793	60616
TCGA-2J-AABE	TCGA-2J-AABE-01A	31564	35136645	60616
TCGA-HZ-8636	TCGA-HZ-8636-01A	37293	65844439	60616
TCGA-HV-AA8V	TCGA-HV-AA8V-01A	33607	49659246	60616
TCGA-HV-A5A5	TCGA-HV-A5A5-01A	31363	38362571	60616
TCGA-XN-A8T5	TCGA-XN-A8T5-01A	32681	35723069	60616
TCGA-HZ-7926	TCGA-HZ-7926-01A	34194	69878177	60616
TCGA-3A-A9IH	TCGA-3A-A9IH-01A	33615	57223830	60616
TCGA-2J-AAB8	TCGA-2J-AAB8-01A	29818	22365810	60616
TCGA-HZ-8005	TCGA-HZ-8005-01A	29764	53519169	60616
TCGA-IB-8126	TCGA-IB-8126-01A	32854	55624608	60616
TCGA-LB-A7SX	TCGA-LB-A7SX-01A	35740	47676735	60616
TCGA-IB-AAUS	TCGA-IB-AAUS-01A	33285	47685399	60616
TCGA-OE-A75W	TCGA-OE-A75W-01A	31207	46922163	60616
TCGA-HV-A7OP	TCGA-HV-A7OP-01A	30673	31659909	60616
TCGA-2J-AABF	TCGA-2J-AABF-01A	35496	57959637	60616
TCGA-HZ-A9TJ	TCGA-HZ-A9TJ-01A	31111	41180582	60616
TCGA-2L-AAQI	TCGA-2L-AAQI-01A	33071	44958887	60616
TCGA-XD-AAUH	TCGA-XD-AAUH-01A	32218	39060058	60616
TCGA-IB-7887	TCGA-IB-7887-01A	34396	62415112	60616
TCGA-FB-AAPZ	TCGA-FB-AAPZ-01A	30315	29906647	60616
TCGA-FB-AAQ1	TCGA-FB-AAQ1-01A	31363	46102565	60616
TCGA-FB-AAQ2	TCGA-FB-AAQ2-01A	31737	47935684	60616
TCGA-HZ-A8P0	TCGA-HZ-A8P0-01A	32851	37800811	60616
TCGA-F2-6879	TCGA-F2-6879-01A	33883	69507804	60616
TCGA-3A-A9I5	TCGA-3A-A9I5-01A	31512	39433270	60616
TCGA-3E-AAAZ	TCGA-3E-AAAZ-01A	33970	59666435	60616
TCGA-IB-A5SP	TCGA-IB-A5SP-01A	32167	44019017	60616
TCGA-3A-A9IX	TCGA-3A-A9IX-01A	33404	56901317	60616
TCGA-HZ-8317	TCGA-HZ-8317-01A	33457	58497508	60616
TCGA-FB-A4P5	TCGA-FB-A4P5-01A	30880	28805785	60616
TCGA-2L-AAQJ	TCGA-2L-AAQJ-01A	31836	47106539	60616
TCGA-FB-AAPQ	TCGA-FB-AAPQ-01A	29113	26000635	60616
TCGA-US-A77J	TCGA-US-A77J-01A	31674	37170820	60616
TCGA-HZ-7923	TCGA-HZ-7923-01A	37134	66094436	60616
TCGA-IB-7654	TCGA-IB-7654-01A	32671	77907782	60616
TCGA-HZ-7920	TCGA-HZ-7920-01A	34823	65745194	60616
TCGA-HV-A7OL	TCGA-HV-A7OL-01A	30316	39574548	60616
TCGA-IB-AAUP	TCGA-IB-AAUP-01A	34977	49893944	60616
TCGA-FB-AAPS	TCGA-FB-AAPS-01A	33673	37148995	60616
TCGA-IB-AAUO	TCGA-IB-AAUO-01A	34957	47301053	60616
TCGA-2J-AABP	TCGA-2J-AABP-01A	30330	41008188	60616
TCGA-3A-A9IO	TCGA-3A-A9IO-01A	31444	48087502	60616
TCGA-S4-A8RO	TCGA-S4-A8RO-01A	33055	41555294	60616
TCGA-2J-AABA	TCGA-2J-AABA-01A	32043	33395270	60616
TCGA-IB-AAUQ	TCGA-IB-AAUQ-01A	33291	36210892	60616
TCGA-HZ-7919	TCGA-HZ-7919-01A	32999	52944432	60616
TCGA-IB-7652	TCGA-IB-7652-01A	33746	80260620	60616
TCGA-3A-A9I9	TCGA-3A-A9I9-01A	32826	47832643	60616
TCGA-F2-A44G	TCGA-F2-A44G-01A	34246	40228479	60616
TCGA-2J-AABT	TCGA-2J-AABT-01A	30849	35720840	60616
TCGA-LB-A9Q5	TCGA-LB-A9Q5-01A	29357	38693419	60616
TCGA-IB-AAUR	TCGA-IB-AAUR-01A	35058	47799594	60616
TCGA-HZ-8001	TCGA-HZ-8001-01A	32652	59062583	60616
TCGA-HZ-A49G	TCGA-HZ-A49G-01A	32800	40491994	60616
TCGA-HZ-8003	TCGA-HZ-8003-01A	33270	64813737	60616
TCGA-IB-AAUT	TCGA-IB-AAUT-01A	32944	37713524	60616
TCGA-HZ-7922	TCGA-HZ-7922-01A	32477	53406683	60616
TCGA-3A-A9J0	TCGA-3A-A9J0-01A	31541	43679750	60616
TCGA-YB-A89D	TCGA-YB-A89D-01A	32664	42798730	60616
TCGA-IB-7649	TCGA-IB-7649-01A	29564	34080113	60616
TCGA-HZ-A77Q	TCGA-HZ-A77Q-01A	31798	38452746	60616
TCGA-HZ-A77O	TCGA-HZ-A77O-01A	31255	46978660	60616
TCGA-YY-A8LH	TCGA-YY-A8LH-01A	33300	47976026	60616
TCGA-3A-A9IV	TCGA-3A-A9IV-01A	30143	38624984	60616
TCGA-3A-A9IR	TCGA-3A-A9IR-01A	32576	54455690	60616
TCGA-HZ-8638	TCGA-HZ-8638-01A	36243	73920137	60616
TCGA-H8-A6C1	TCGA-H8-A6C1-01A	34287	43157232	60616
TCGA-FB-AAPP	TCGA-FB-AAPP-01A	27092	29587319	60616
TCGA-3A-A9IL	TCGA-3A-A9IL-01A	33518	43267009	60616
TCGA-3A-A9IN	TCGA-3A-A9IN-01A	34049	44290623	60616
TCGA-F2-6880	TCGA-F2-6880-01A	28125	48131628	60616
TCGA-3A-A9IJ	TCGA-3A-A9IJ-01A	29762	43082439	60616
TCGA-FB-A7DR	TCGA-FB-A7DR-01A	32807	48711594	60616
TCGA-HZ-A8P1	TCGA-HZ-A8P1-01A	31668	37011480	60616
TCGA-3A-A9IS	TCGA-3A-A9IS-01A	29743	47999834	60616
TCGA-HZ-8519	TCGA-HZ-8519-01A	37591	85533742	60616
TCGA-IB-A5ST	TCGA-IB-A5ST-01A	33351	49885491	60616
TCGA-IB-A7LX	TCGA-IB-A7LX-01A	34357	48068779	60616
TCGA-2L-AAQE	TCGA-2L-AAQE-01A	31414	44820547	60616
TCGA-IB-A6UG	TCGA-IB-A6UG-01A	33846	48988373	60616
TCGA-HV-A5A3	TCGA-HV-A5A3-01A	29534	28763307	60616
TCGA-S4-A8RM	TCGA-S4-A8RM-01A	34697	50753265	60616
TCGA-IB-7651	TCGA-IB-7651-01A	34497	79188211	60616
TCGA-XD-AAUL	TCGA-XD-AAUL-01A	32684	52846248	60616
TCGA-IB-8127	TCGA-IB-8127-01A	36103	83935844	60616
TCGA-3A-A9IB	TCGA-3A-A9IB-01A	33482	56600578	60616
TCGA-IB-7893	TCGA-IB-7893-01A	30570	65830070	60616
TCGA-F2-A7TX	TCGA-F2-A7TX-01A	31807	49882165	60616
TCGA-HZ-A4BH	TCGA-HZ-A4BH-01A	32546	43259475	60616
TCGA-HZ-8002	TCGA-HZ-8002-01A	33689	56529408	60616
TCGA-IB-A6UF	TCGA-IB-A6UF-01A	34400	46582168	60616
TCGA-YH-A8SY	TCGA-YH-A8SY-01A	31965	44128830	60616
TCGA-2J-AAB4	TCGA-2J-AAB4-01A	33395	50604567	60616
TCGA-HV-A5A6	TCGA-HV-A5A6-01A	30553	40217949	60616
TCGA-FB-AAQ3	TCGA-FB-AAQ3-01A	29105	34131654	60616
TCGA-FB-AAPU	TCGA-FB-AAPU-01A	32799	61616020	60616
TCGA-2J-AAB1	TCGA-2J-AAB1-01A	31450	44701800	60616
TCGA-H6-8124	TCGA-H6-8124-01A	33895	54975807	60616
TCGA-XD-AAUG	TCGA-XD-AAUG-01A	32363	35405061	60616
TCGA-IB-AAUV	TCGA-IB-AAUV-01A	35169	59258725	60616
TCGA-HZ-7289	TCGA-HZ-7289-01A	27257	52308095	60616
TCGA-F2-7276	TCGA-F2-7276-01A	33686	63965513	60616
TCGA-F2-7273	TCGA-F2-7273-01A	34164	84257526	60616
TCGA-RL-AAAS	TCGA-RL-AAAS-01A	31125	43858350	60616
TCGA-HZ-8637	TCGA-HZ-8637-01A	37669	71602649	60616
TCGA-M8-A5N4	TCGA-M8-A5N4-01A	31767	39628230	60616
TCGA-XD-AAUI	TCGA-XD-AAUI-01A	33599	43820286	60616
TCGA-2J-AABR	TCGA-2J-AABR-01A	31773	34193878	60616
TCGA-IB-AAUW	TCGA-IB-AAUW-01A	35462	53365335	60616
TCGA-IB-7647	TCGA-IB-7647-01A	33900	81767545	60616
TCGA-IB-A5SS	TCGA-IB-A5SS-01A	30991	59878470	60616
TCGA-2L-AAQM	TCGA-2L-AAQM-01A	31769	38449367	60616
TCGA-IB-7885	TCGA-IB-7885-01A	33058	69005144	60616
TCGA-2L-AAQA	TCGA-2L-AAQA-01A	34175	54624863	60616
TCGA-3A-A9IZ	TCGA-3A-A9IZ-01A	30762	29872576	60616
TCGA-IB-7886	TCGA-IB-7886-01A	33693	57346308	60616
TCGA-HV-A5A4	TCGA-HV-A5A4-01A	32086	39890612	60616
TCGA-US-A774	TCGA-US-A774-01A	33282	53359793	60616
TCGA-IB-7897	TCGA-IB-7897-01A	35568	56333124	60616
TCGA-IB-7644	TCGA-IB-7644-01A	31391	67761842	60616
TCGA-HZ-8315	TCGA-HZ-8315-01A	35833	61953329	60616
TCGA-Q3-AA2A	TCGA-Q3-AA2A-01A	31331	31875143	60616
TCGA-HZ-A49I	TCGA-HZ-A49I-01A	32386	39010754	60616
TCGA-2L-AAQL	TCGA-2L-AAQL-01A	29905	35772560	60616
TCGA-HZ-A49H	TCGA-HZ-A49H-01A	30570	43676358	60616
TCGA-IB-A5SQ	TCGA-IB-A5SQ-01A	32618	45249746	60616
TCGA-F2-A8YN	TCGA-F2-A8YN-01A	31554	43971422	60616
TCGA-HZ-A4BK	TCGA-HZ-A4BK-01A	33023	43428254	60616
TCGA-3A-A9IC	TCGA-3A-A9IC-01A	31977	48740096	60616
TCGA-US-A77E	TCGA-US-A77E-01A	34009	50712788	60616
TCGA-H6-A45N	TCGA-H6-A45N-01A	32383	26587371	60616
TCGA-IB-7645	TCGA-IB-7645-01A	32395	51288706	60616
TCGA-2J-AAB9	TCGA-2J-AAB9-01A	28330	21834696	60616
TCGA-FB-A4P6	TCGA-FB-A4P6-01A	32126	29478567	60616
TCGA-RB-AA9M	TCGA-RB-AA9M-01A	34194	45985255	60616
TCGA-3E-AAAY	TCGA-3E-AAAY-01A	35197	43882434	60616
TCGA-IB-7646	TCGA-IB-7646-01A	30130	45906444	60616
TCGA-US-A776	TCGA-US-A776-01A	32823	49055643	60616
TCGA-2J-AABH	TCGA-2J-AABH-01A	33248	54930655	60616
TCGA-L1-A7W4	TCGA-L1-A7W4-01A	33123	49417780	60616
TCGA-XN-A8T3	TCGA-XN-A8T3-01A	33985	41538842	60616
TCGA-IB-7891	TCGA-IB-7891-01A	31397	56011966	60616
TCGA-HZ-7925	TCGA-HZ-7925-01A	33451	75202403	60616
TCGA-S4-A8RP	TCGA-S4-A8RP-01A	34500	39210346	60616
TCGA-2J-AABU	TCGA-2J-AABU-01A	27533	19381236	60616
TCGA-Q3-A5QY	TCGA-Q3-A5QY-01A	33943	45557375	60616
TCGA-IB-7889	TCGA-IB-7889-01A	31247	56786673	60616
TCGA-FB-A5VM	TCGA-FB-A5VM-01A	31158	44776273	60616
TCGA-F2-A44H	TCGA-F2-A44H-01A	27574	24762465	60616
TCGA-IB-7890	TCGA-IB-7890-01A	29909	43906254	60616
TCGA-HZ-A77P	TCGA-HZ-A77P-01A	34256	59419270	60616
TCGA-FB-AAQ0	TCGA-FB-AAQ0-01A	32253	38088256	60616
TCGA-Z5-AAPL	TCGA-Z5-AAPL-01A	31897	36219696	60616
TCGA-2J-AAB6	TCGA-2J-AAB6-01A	29766	39312447	60616
TCGA-LB-A8F3	TCGA-LB-A8F3-01A	31119	50107572	60616
TCGA-IB-A5SO	TCGA-IB-A5SO-01A	34762	59927941	60616
