sample	patient	n_spots	n_in_tissue	n_position_matched	n_genes_median	total_counts_median	n_endo_up	n_endo_down	n_vascular_markers	EPAS1_vascular_rho	EPAS1_program_rho	program_vascular_rho	image_present	scalefactor_present
GSM8641003_C1_D10_ROI1_s1	D10	3150	3150	3150	2384.5	4846.5	7	17	3	0.156112164749604	-0.0994425462645409	-0.145133070868635	True	True
GSM8641004_C1_D10_ROI2_s1	D10	3826	3826	3826	3741.0	12484.0	7	17	3	0.145822216869753	-0.0347520466388665	-0.0557897212113561	True	True
GSM8641005_C1_D11_ROI1_s1	D11	3536	3536	3536	5100.5	14253.0	7	17	3	0.121421499343577	-0.0114848637642034	0.03467426790227	True	True
GSM8641006_C1_D11_ROI2_s1	D11	3664	3664	3664	4734.5	12038.5	7	17	3	0.138610535982969	0.0032683132723495	0.0267934027425543	True	True
GSM8641007_C1_D12_ROI1_s1	D12	4440	4440	4440	2415.0	5139.5	7	17	3	0.142049119522252	0.0113219565338791	0.0548750832187259	True	True
GSM8641008_C1_D12_ROI2_s1	D12	3706	3706	3706	3205.0	6973.0	7	17	3	0.237964082933689	0.0100363620356773	0.102512860945415	True	True
GSM8641009_C1_D13_ROI1_s1	D13	4105	4105	4105	3206.0	7491.0	7	17	3	0.147448092333382	0.0950955802967958	0.0932145699419442	True	True
GSM8641010_C1_D13_ROI2_s1	D13	4647	4647	4647	3924.0	9343.0	7	17	3	0.0913020295879215	-0.0260724842641036	-0.0242011071328231	True	True
GSM8641011_C1_D14_ROI1_s1	D14	3824	3824	3824	3059.0	6118.5	7	17	3	0.0788716450333636			True	True
GSM8641012_C1_D14_ROI2_s1	D14	4261	4261	4261	4889.0	13239.0	7	17	3	0.123364292502598	0.0175109596862047	0.0955029421919971	True	True
GSM8641013_C1_D14_ROI3_s1	D14	3343	3343	3343	2476.0	4978.0	7	17	3	0.0777600735124275	0.0223964772322133	0.0008608687099867	True	True
GSM8641014_C1_D1_ROI1_s1	D1	1861	1861	1861	3117.0	6988.0	7	17	3	0.100562171315704	-0.0337672986014874	-0.0595834957965694	True	True
GSM8641015_C1_D2_ROI1_s1	D2	2302	2302	2302	848.0	1434.0	7	17	3	0.089092422783781	-0.0162794447268276	-0.0658451766235673	True	True
GSM8641016_C1_D3_ROI1_s1	D3	2141	2141	2141	4319.0	10415.0	7	17	3	0.200541618274483	0.0746390316492889	0.123184110606233	True	True
GSM8641017_C1_D4_ROI1_s1	D4	2979	2979	2979	3372.0	7686.0	7	17	3	0.174595702229527	0.0380953397506183	0.0701130329489617	True	True
GSM8641018_C1_D5_ROI1_s1	D5	3119	3119	3119	3718.0	8628.0	7	17	3	0.295503670138558	0.0697743846243821	0.078669912849012	True	True
GSM8641019_C1_D6_ROI1_s1	D6	3249	3249	3249	2789.0	6461.0	7	17	3	0.231505350214723	-0.0546125106308186	0.0049290704151297	True	True
GSM8641020_C1_D7_ROI1_s1	D7	3923	3923	3923	4637.0	11491.0	7	17	3	0.167044213939546	-0.0874959518542349	-0.14569415605039	True	True
GSM8641021_C1_D8_ROI1_s1	D8	3743	3743	3743	1261.0	2181.0	7	17	3	0.181803882611282	0.0384359604429241	0.0219729056176145	True	True
GSM8641022_C1_D8_ROI3_s1	D8	3689	3689	3689	2169.0	4271.0	7	17	3	0.226398086427945	0.101059628497552	0.153104279597867	True	True
GSM8641023_C1_D9_ROI1_s1	D9	3671	3671	3671	2195.0	4212.0	7	17	3	0.108204192491502	0.0119758503031033	-0.0248700085385059	True	True
GSM8641024_C1_D9_ROI2_s1	D9	3477	3477	3477	835.0	1459.0	7	17	3	0.0687735872221134	0.0070037836993257	0.0238286799736859	True	True
GSM8641025_C2_D1	D1	2387	2387	2387	7617.0	28121.0	7	17	3	0.300886498336907	0.0170327109862517	-0.0199114177164214	True	True
GSM8641026_C2_D10_s1	D10	3901	3901	3901	7274.0	24488.0	7	17	3	0.144254808272305	-0.0563831331039388	-0.11011812827584	True	True
GSM8641027_C2_D10_s2	D10	3760	3760	3760	6461.5	19279.5	7	17	3	0.128930513372784	-0.0341638212698066	-0.0646809419611679	True	True
GSM8641028_C2_D10_s3	D10	4086	4086	4086	7484.0	25801.5	7	17	3	0.140030675573377	-0.033567738648271	-0.0669965375523527	True	True
GSM8641029_C2_D10_s4	D10	4305	4305	4305	7947.0	29372.0	7	17	3	0.122615913922106	-0.0600208888136299	-0.0826853223299001	True	True
GSM8641030_C2_D11_ROI1_s1	D11	2572	2572	2572	4576.5	12220.5	7	17	3	0.311508255436281	-0.313775976916323	-0.247213000457522	True	True
GSM8641031_C2_D11_ROI1_s2	D11	1854	1854	1854	5025.0	14610.5	7	17	3	0.3660451875212	-0.322242237635764	-0.324431633075264	True	True
GSM8641032_C2_D11_ROI2_s1	D11	3379	3379	3379	4291.0	16153.0	7	17	3	0.358747573226096	-0.007905111031719	0.0785826077769303	True	True
GSM8641033_C2_D11_ROI2_s2	D11	3100	3100	3100	3816.5	13030.5	7	17	3	0.388650949009125	0.0357958416038933	0.124642747996397	True	True
GSM8641034_C2_D11_ROI3_s1	D11	2516	2516	2516	3873.5	10255.0	7	17	3	0.183098626836494	-0.0740209432286142	0.0098443598902636	True	True
GSM8641035_C2_D11_ROI3_s2	D11	2508	2508	2508	3415.0	8647.5	7	17	3	0.278542757412857	-0.0403445211988103	0.034531445032308	True	True
GSM8641036_C2_D11_ROI4_s1	D11	2255	2255	2255	3671.0	8850.0	7	17	3	0.199401027012092	-0.0590276610378917	-0.0488700157739564	True	True
GSM8641037_C2_D11_ROI4_s2	D11	2243	2243	2243	3740.0	9091.0	7	17	3	0.229355737922439	-0.0670578499799695	-0.0292477472302249	True	True
GSM8641038_C2_D12	D12	2261	2261	2261	1336.0	2411.0	7	17	3	0.0624369178060838			True	True
GSM8641039_C2_D13	D13	3207	3207	3207	1354.0	2467.0	7	17	3	0.176945579998218			True	True
GSM8641040_C2_D2	D2	3064	3064	3064	5820.5	16300.0	7	17	3	0.229412635991286	-0.0753806666522178	0.103733064770459	True	True
GSM8641041_C2_D3	D3	3345	3345	3345	5434.0	14843.0	7	17	3	0.188260851062589	0.0555242485033292	0.0413471869087667	True	True
GSM8641042_C2_D4	D4	3899	3899	3899	3794.0	9658.0	7	17	3	0.28171381663044	-0.0605551480618521	-0.0526694337053568	True	True
GSM8641043_C2_D5_ROI1_s6	D5	2203	2203	2203	7909.0	33360.0	7	17	3	0.215849494129965	-0.0458563554276912	0.0932982095618723	True	True
GSM8641044_C2_D5_ROI2_s2	D5	3419	3419	3419	6101.0	17132.0	7	17	3	0.1354308829648	-0.0018999075503173	0.0966993409890667	True	True
GSM8641045_C2_D6_s1	D6	3623	3623	3623	11346.0	111363.0	7	17	3	0.356578363995886	0.133796169609472	0.125233913901952	True	True
GSM8641046_C2_D6_s2	D6	3733	3733	3733	8638.0	41095.0	7	17	3	0.230450523328688	0.0293607760609925	0.034304882440618	True	True
GSM8641047_C2_D7_s1	D7	4210	4210	4210	5550.0	15939.0	7	17	3	0.264076295723745	0.0739609869812725	0.10292794443043	True	True
GSM8641048_C2_D7_s2	D7	4154	4154	4154	4662.0	11995.0	7	17	3	0.231401866273672	0.0776275422385699	0.0780513438055985	True	True
GSM8641049_C2_D8_ROI1_s1	D8	2534	2534	2534	4123.5	10935.0	7	17	3	0.267609152822223	0.0117203761192927	0.112973166132676	True	True
GSM8641050_C2_D8_ROI1_s2	D8	2487	2487	2487	3913.0	10038.0	7	17	3	0.276670790206596	-0.0533959826873475	0.121563386936709	True	True
GSM8641051_C2_D8_ROI2_s1	D8	2776	2776	2776	4258.5	11695.0	7	17	3	0.183407170117195	-0.0673624495939536	0.0650909139891398	True	True
GSM8641052_C2_D8_ROI2_s2	D8	2694	2694	2694	4586.5	12789.5	7	17	3	0.220232568373209	-0.0315998035017488	0.0928102958291129	True	True
GSM8641053_C2_D9_s2	D9	2364	2364	2364	2795.0	5373.5	7	17	3	0.300056822606656	0.122458257471863	0.176587559168746	True	True
GSM8641054_C2_D9_s4	D9	2395	2395	2395	4786.0	11882.0	7	17	3	0.190015298450454	-0.0442108789012674	-0.0706447651770499	True	True
GSM8641055_C2_D9_s5	D9	2303	2303	2303	4507.0	11032.0	7	17	3	0.160307125109752	-0.0257684672221747	-0.104500934505996	True	True
GSM8641056_C2_D9_s6	D9	2247	2247	2247	4926.0	12557.0	7	17	3	0.173566040545865	-0.0354877807526766	-0.0774427139091913	True	True
GSM8641057_C2_D9_s7	D9	2346	2346	2346	3310.0	6876.0	7	17	3	0.0902428743323032	-0.0415358488903935	-0.0614983266384642	True	True
GSM8641058_C2_D9_s8	D9	2375	2375	2375	2431.0	4422.0	7	17	3	0.0496054428355304	0.0064241213252843	-0.0213496170256695	True	True
GSM8641059_C3_D10_ROI1	D10	4257	4257	4257	5381.0	18985.0	7	17	3	0.161488384734291	0.0010838753721136	0.034333964258213	True	True
GSM8641060_C3_D10_ROI2	D10	3564	3564	3564	4191.5	20757.5	7	17	3	0.236807744909019	0.0804920406004437	0.182980927614224	True	True
GSM8641061_C3_D10_ROI3	D10	3228	3228	3228	5193.5	18173.0	7	17	3	0.21060435202938	0.091834450256369	0.141964429197972	True	True
GSM8641062_C3_D10_ROI4	D10	3568	3568	3568	4651.5	16174.5	7	17	3	0.254048947612008	0.0027597710497348	0.0016996606569359	True	True
GSM8641063_C3_D11_ROI1	D11	4431	4431	4431	3577.0	8717.0	7	17	3	0.294382404211565	-0.113697710802221	-0.225316478559352	True	True
GSM8641064_C3_D11_ROI2	D11	4300	4300	4300	5167.5	15564.5	7	17	3	0.092983680243163	-0.0842928976601406	-0.0050898458939963	True	True
GSM8641065_C3_D11_ROI3	D11	4270	4270	4270	4865.5	14205.0	7	17	3	0.31704788253432	-0.158144028344187	-0.0703597204321378	True	True
GSM8641066_C3_D11_ROI4	D11	3775	3775	3775	6244.0	20774.0	7	17	3	0.177563909506518	-0.0689708571752625	-0.0745629733420356	True	True
GSM8641067_C3_D12_ROI1_s1	D12	3337	3337	3337	7568.0	28558.0	7	17	3	0.327212244653488	-0.175792448454266	-0.0411772961562859	True	True
GSM8641068_C3_D12_ROI1_s2	D12	4145	4145	4145	4957.0	12830.0	7	17	3	0.237357633699272	-0.0541226134246517	0.0001045596999114	True	True
GSM8641069_C3_D12_ROI2_s1	D12	3240	3240	3240	8006.5	36319.5	7	17	3	0.283019053238476	0.0520970617993573	0.108379868679456	True	True
GSM8641070_C3_D12_ROI2_s2	D12	3295	3295	3295	5851.0	19570.0	7	17	3	0.176058280895717	-0.0076539916701404	0.081718327116502	True	True
GSM8641071_C3_D12_ROI3_s1	D12	3498	3498	3498	8446.0	43328.5	7	17	3	0.309012559310551	-0.148346639645454	-0.0123607220584844	True	True
GSM8641072_C3_D12_ROI3_s2	D12	2590	2590	2590	5987.5	20134.5	7	17	3	0.207423228705803	-0.0356864907616701	0.0694326371860665	True	True
GSM8641073_C3_D12_ROI4_s1	D12	3477	3477	3477	9395.0	61571.0	7	17	3	0.368604209260159	0.0478931566638565	0.152390145202677	True	True
GSM8641074_C3_D12_ROI4_s2	D12	2691	2691	2691	6025.0	20631.0	7	17	3	0.218542800391282	-0.0307774897243969	0.0332708027747671	True	True
GSM8641075_C3_D1_ROI1	D1	2783	2783	2783	3453.0	8082.0	7	17	3	0.159477165540264	0.0152442901661621	0.0233979231786285	True	True
GSM8641076_C3_D1_ROI2	D1	2470	2470	2470	3138.5	6989.5	7	17	3	-0.248208713022361	-0.252760301538137	0.0439068931957484	True	True
GSM8641077_C3_D1_ROI3	D1	2559	2559	2559	6830.0	36864.0	7	17	3	0.255436187169251	-0.101635845311304	0.0061863099442845	True	True
GSM8641078_C3_D1_ROI4	D1	2684	2684	2684	3297.5	7257.0	7	17	3	0.170096137255746	0.0225457144748324	0.142722778193892	True	True
GSM8641079_C3_D2_ROI1	D2	3089	3089	3089	5627.0	16230.0	7	17	3	0.241026876849683	-0.061401969217437	-0.0447465033316071	True	True
GSM8641080_C3_D2_ROI2	D2	2672	2672	2672	5700.5	15949.5	7	17	3	0.273820426724334	-0.10654217236162	-0.0708294437815245	True	True
GSM8641081_C3_D2_ROI3	D2	3089	3089	3089	5182.0	15617.0	7	17	3	0.219727263080104	-0.0194764872096329	-0.0238968171947712	True	True
GSM8641082_C3_D2_ROI4	D2	3364	3364	3364	3948.0	10052.0	7	17	3	0.150284334981952	-0.0287626020037229	-0.0173744163984911	True	True
GSM8641083_C3_D3_ROI1	D3	3340	3340	3340	6059.0	27216.0	7	17	3	0.29830274411388	0.0296384666288036	0.0238269191970458	True	True
GSM8641084_C3_D3_ROI2	D3	3177	3177	3177	6504.0	25305.0	7	17	3	0.230519052611212	-0.0938574518811099	-0.118409253812877	True	True
GSM8641085_C3_D3_ROI3	D3	3862	3862	3862	6878.5	27071.5	7	17	3	0.2814389590182	-0.152253347265427	-0.196862617256235	True	True
GSM8641086_C3_D3_ROI4	D3	1940	1940	1940	5637.5	19719.5	7	17	3	0.394712651229965	-0.0751143280046927	-0.0546832070078901	True	True
GSM8641087_C3_D4_ROI1	D4	2927	2927	2927	6273.0	20422.0	7	17	3	0.309970955780281	-0.0685097842937756	-0.12183213001807	True	True
GSM8641088_C3_D4_ROI2	D4	4060	4060	4060	6375.0	21265.5	7	17	3	0.295358866581796	-0.0563290641994428	0.0341349733928138	True	True
GSM8641089_C3_D4_ROI3	D4	2364	2364	2364	1921.5	3578.0	7	17	3	0.355547192914612	-0.0329084575645333	-0.017299071700637	True	True
GSM8641090_C3_D4_ROI4	D4	3894	3894	3894	6706.0	23481.0	7	17	3	0.302352424678174	0.14802095256753	0.296906427932779	True	True
GSM8641091_C3_D5_ROI1	D5	3577	3577	3577	6463.0	20606.0	7	17	3	0.158122754837196	0.0617612828096714	0.0836274281852128	True	True
GSM8641092_C3_D5_ROI2	D5	3040	3040	3040	5166.5	14247.5	7	17	3	0.279816768934897	0.0047743820335905	0.0302398233459689	True	True
GSM8641093_C3_D5_ROI3	D5	3091	3091	3091	4966.0	13164.0	7	17	3	0.235689147248305	-2.59385722444474e-05	-0.0066287736584538	True	True
GSM8641094_C3_D5_ROI4	D5	3347	3347	3347	5094.0	13606.0	7	17	3	0.178430049239324	-0.0341697685454722	-0.0124188756645006	True	True
GSM8641095_C3_D6_ROI1	D6	3509	3509	3509	3449.0	7838.0	7	17	3	0.462511413423718	0.0120393658395831	0.058096467037898	True	True
GSM8641096_C3_D6_ROI2	D6	4216	4216	4216	3460.5	8153.0	7	17	3	0.245161955603196	-0.0379439754493029	-0.0119541567141781	True	True
GSM8641097_C3_D6_ROI3	D6	3336	3336	3336	1369.5	2329.5	7	17	3	0.299165392404442	-0.0273792530395958	-0.0444590194734549	True	True
GSM8641098_C3_D6_ROI4	D6	2649	2649	2649	2762.0	6080.0	7	17	3	0.26266801102943	-0.0169952968580662	0.0197199737214878	True	True
GSM8641099_C3_D7_ROI1	D7	2760	2760	2760	1335.5	2251.5	7	17	3	0.314910329543903	-0.0206298233648336	-0.024400804971937	True	True
GSM8641100_C3_D7_ROI2	D7	3147	3147	3147	3671.0	9183.0	7	17	3	0.245565265281379	-0.0429506229747155	-0.0208977819476367	True	True
GSM8641101_C3_D7_ROI3	D7	3651	3651	3651	3617.0	9187.0	7	17	3	0.186209827516787	-0.0004939839413138	0.0377343309159708	True	True
GSM8641102_C3_D7_ROI4	D7	4152	4152	4152	3479.0	9567.0	7	17	3	0.20304077414007	0.0254511181960481	0.0076644195330027	True	True
GSM8641103_C3_D8_ROI1	D8	3840	3840	3840	5216.0	20894.5	7	17	3	0.203427796627871	-0.0006925548096879	0.0396177817232447	True	True
GSM8641104_C3_D8_ROI2	D8	4561	4561	4561	4982.0	13553.0	7	17	3	0.267694528429675	-0.100496450892637	-0.0289131908775433	True	True
GSM8641105_C3_D8_ROI3	D8	4399	4399	4399	5898.0	29449.0	7	17	3	0.343554015300537	0.0724675466530714	0.106184190406282	True	True
GSM8641106_C3_D8_ROI4	D8	3094	3094	3094	1717.0	3088.5	7	17	3	0.322612736804331	-0.123950249943008	-0.175689493588521	True	True
GSM8641107_C3_D9_ROI1	D9	3571	3571	3571	6156.0	19415.0	7	17	3	0.199429158596984	0.110469002660203	0.143332066880505	True	True
GSM8641108_C3_D9_ROI2	D9	3996	3996	3996	3098.5	7180.5	7	17	3	0.246478679771938	-0.0487547172371786	-0.0192152155753003	True	True
GSM8641109_C3_D9_ROI3	D9	3156	3156	3156	6873.5	22231.0	7	17	3	0.250713713910559	0.0322891476527811	0.154716027163125	True	True
GSM8641110_C3_D9_ROI4	D9	3064	3064	3064	5372.0	14575.0	7	17	3	0.328549928983031	-0.021138270816634	-0.0111062722092209	True	True
