gene_id	direction	median_logFC	mean_abs_logFC	n_FDR05	gse62452_logFC	gse62452_P	gse62452_FDR	gse71729_logFC	gse71729_P	gse71729_FDR	expected_sign	sign_62452	sign_71729	external_FDR_both	external_direction_both	target_priority	evidence_score	priority_order
CASC15	tumor_up	3.93224733402	3.93303881585344	4							1			False			-inf	
CA4	tumor_down	-8.38509788599803	8.30648898837212	3	-0.437702465011993	2.65944835639935e-06	2.65944835639935e-06	-1.52883673163419	2.25192120466736e-10	6.57095500210715e-09	-1	True	True	True	True	Tier1	22.1426778316345	1.0
CTHRC1	tumor_up	3.14217585863954	3.15430807174771	3	0.969375109237457	2.0229326594403e-10	2.0229326594403e-10	1.75720629685158	5.52253041406605e-09	6.07478345547266e-08	1	True	True	True	True	Tier1	20.0526636311903	1.0
EPHX1	tumor_down	-1.81770669235701	1.81368428902004	3	-1.05643899388012	1.88188519060374e-09	1.88188519060374e-09	-0.716337331334336	3.98239697097403e-10	6.57095500210715e-09	-1	True	True	True	True	Tier1	18.7254850745915	1.0
LEF1	tumor_up	2.8743985665714	2.86631522210287	3	1.53209681254602	2.5518405036378104e-09	2.5518405036378104e-09	0.684214992503752	9.437417156540041e-09	7.78586915414553e-08	1	True	True	True	True	Tier1	18.576237939273	1.0
C1QTNF6	tumor_up	3.9892986268396	4.34721392027428	3	0.14661608627893	0.0132491017181307	0.0132491017181307	0.744824587706149	6.55409324359839e-06	2.45507819584136e-05	1	True	True	True	True	Tier1	10.4770468632559	1.0
DNASE1L3	tumor_down	-3.55922830549268	3.52966657190339	4	-0.325928882063258	0.0018474347123643	0.0018474347123643	-0.725600899550227	0.0003083802763815	0.0006784366080393	-1	True	True	True	True	Tier1	9.46114993180032	1.0
TACC1	tumor_down	-1.59951632830091	1.60082298974933	3	-0.214807464648102	0.0084916387255934	0.0084916387255934	-0.558406896551726	3.81271204321034e-07	2.09699162376569e-06	-1	True	True	True	True	Tier1	9.34892812363113	1.0
AQP7	tumor_down	-3.12628713137885	3.11600654162577	4	-0.35033952106124	0.0016323927687557	0.0016323927687557	-0.385261769115444	0.000152412764641	0.0003868939410118	-1	True	True	True	True	Tier1	9.32587054066412	1.0
BTNL9	tumor_down	-2.63412516358156	2.64360117130093	3	-0.317261512042812	8.38719322723869e-05	8.38719322723869e-05	-0.344489205397304	0.0021047216166914	0.0033074196833722	-1	True	True	True	True	Tier1	9.19101920833391	1.0
CDC42EP4	tumor_down	-1.92348909283565	1.92351077463172	3	-0.131839219289119	0.0408734217982452	0.0408734217982452	-0.378205547226389	1.0322809415332e-06	4.86646729579939e-06	-1	True	True	True	True	Tier1	8.62483428666746	1.0
EPAS1	tumor_down	-1.25100714690657	1.24867711104075	3	-0.307733428602003	0.0075283529049815	0.0075283529049815	-0.407176311844079	9.52903583739304e-05	0.0002620484855283	-1	True	True	True	True	Tier1	6.95592552357797	1.0
PRX	tumor_down	-4.31711436545807	4.33753304726824	4	-0.0846065768487172	0.0787483690317481	0.0787483690317481	-0.382413193403301	1.80295611742307e-07	1.18995103749923e-06	-1	True	True	False	True	Tier2	11.3453437056393	2.0
ADRB2	tumor_down	-2.87420707746012	2.88546094497179	4	-0.223847099943603	0.0006732289636775	0.0006732289636775	-0.281463418290855	0.0705855191457508	0.0970550888254073	-1	True	True	False	True	Tier2	7.05902597412631	2.0
HERPUD1	tumor_down	-1.81292149538223	1.80850935068625	3	-0.462081651281218	0.0003856672303008	0.0003856672303008	-0.168976761619192	0.170699411138219	0.208632613613379	-1	True	True	False	True	Tier2	5.90732655779859	2.0
MARCKS	tumor_up	1.56144625894857	1.55473160746229	3	0.0478074646294639	0.302759896081487	0.302759896081487	0.375934332833584	0.000903281125895	0.0018630173221585	1	True	True	False	True	Tier2	4.81013101850549	2.0
SLCO4A1	tumor_down	-2.6683264573115	2.6684563211879	4	0.629377080304278	5.5986696363083e-10	5.5986696363083e-10	0.537256221889058	0.0013254385310553	0.0023968511557346	-1	False	False	True	False	Tier3	14.5406005504887	3.0
RRAS	tumor_down	-1.67658606160047	1.67395424729975	3	0.638982143582972	7.79661403087021e-08	7.79661403087021e-08	0.349961469265369	0.0009723578946877	0.0018875182661585	-1	False	False	True	False	Tier3	11.5087888633333	3.0
LHX6	tumor_up	2.23351837179917	2.23524305966238	3	-0.239645406489827	0.0001144366998998	0.0001144366998998	-0.411555622188909	0.0013800052108775	0.0023968511557346	1	False	False	True	False	Tier3	8.79531198135477	3.0
CTSH	tumor_down	-2.04982744343874	2.04754792856537	3	0.317006599384749	0.0013585515305108	0.0013585515305108	0.291098650674664	0.0304887611841987	0.0437447443077634	-1	False	False	True	False	Tier3	6.27582544499325	3.0
BCAT1	tumor_up	3.1025688636752	3.11876826709842	4	-0.468416755896926	0.0154360706133243	0.0154360706133243	-0.256853373313345	0.078522720403195	0.103649990932217	1	False	False	False	False	Tier3	5.89846283862673	3.0
TIMP3	tumor_down	-1.87996751627744	1.87964687507743	3	0.502616352894274	0.0011960746817563	0.0011960746817563	-0.118750974512744	0.512980987574822	0.577162224685243	-1	False	True	False	False	Tier3	5.0409113201051	3.0
SESN3	tumor_up	3.23959807178617	3.2443033318851	3	-0.0265133599711096	0.861039070646768	0.861039070646768	0.15419475262369	0.018647790863642	0.027971686295463	1	False	True	False	False	Tier3	4.85785656431875	3.0
SLC14A1	tumor_down	-2.47432522970738	2.47660918390739	3	0.299221479566325	0.083729131985758	0.083729131985758	0.057173763118441	0.524692931532039	0.577162224685243	-1	False	False	False	False	Tier3	3.79015074203494	3.0
FGL2	tumor_down	-3.35430479520641	3.35207779143417	4	-0.108530728519672	0.586764765577296	0.586764765577296	0.0229533733133433	0.889200242640587	0.916987750223105	-1	True	False	False	False	Tier3	3.62347723394954	3.0
GSN	tumor_down	-1.36179318667548	1.36406684736032	3	0.183607156773327	0.269029079324374	0.269029079324374	0.0089727136431769	0.953187612823221	0.953187612823221	-1	False	False	False	False	Tier3	1.95281557146705	3.0
