gene	n_datasets	n_sig	median_abs_Z	median_rank
EPAS1	3	3	2.69950340556281	1.0
NME2	1	1	1.5386160795737	2.0
ADGRF5	1	1	1.52750633540936	2.0
EEF1G	1	1	1.4777110841434	3.0
FAM167B	1	1	1.41583280518671	4.0
INSR	3	1	1.30718361501296	4.0
HLA-DRB1	3	1	1.14542617958902	15.0
FOSB	2	1	0.741937821365536	16.0
PRF1	3	1	1.5935605877069	17.0
IGFBP3	3	1	1.05380583896909	17.0
GSN	3	1	0.808741382494255	17.0
TNFAIP3	3	1	0.672521158814925	17.0
SPRY1	3	1	0.595255489848658	17.0
DDIT4	3	1	0.914860733739955	25.0
NR2F2	1	0	1.27836460694531	5.0
EFNB2	1	0	1.27798189698028	5.0
CCL14	1	0	1.37018174793875	7.0
GPR116	1	0	1.22693315347688	8.0
DNAJB1	1	0	1.28059091827127	10.0
KDR	3	0	1.22953594208392	10.0
ACKR1	1	0	1.23523090491937	12.0
DARC	2	0	0.817994903130786	12.5
RHOB	1	0	1.17305029868697	13.0
VAMP5	1	0	1.21936925204027	14.0
KLF6	2	0	0.983937097720204	15.0
ENPP2	1	0	1.1237727348532	16.0
CPE	2	0	1.02172603347291	16.0
TUBA1A	1	0	1.67769552520286	17.0
HSPB1	1	0	1.60516064255486	17.0
GNLY	3	0	1.31665994250671	17.0
RPS17	1	0	1.14415731701859	17.0
PODXL	3	0	1.12035970224029	17.0
RNASE1	1	0	1.10478429627002	17.0
CTSS	3	0	1.09686941952504	17.0
SELENOW	1	0	1.07287418723709	17.0
RPL17	1	0	1.03882541591743	17.0
RACK1	1	0	0.961293609685348	17.0
A2M	3	0	0.957221476902871	17.0
ICAM1	3	0	0.945264332785492	17.0
ATP5F1E	1	0	0.933752852390502	17.0
MT-ATP6	1	0	0.903264693525491	17.0
ID2	1	0	0.861585501011263	17.0
FLT1	3	0	0.861325784347278	17.0
MT-CO2	1	0	0.841394650092034	17.0
CST3	1	0	0.760503472461523	17.0
ALDOA	1	0	0.716772298777627	17.0
GNB2L1	1	0	0.715314036913965	17.0
MIF	1	0	0.713271489160113	17.0
ISG15	1	0	0.706191701301857	17.0
SOCS3	2	0	0.692893752926267	17.0
CCL2	3	0	0.678778079611357	17.0
MGST3	1	0	0.543890075569616	17.0
ID1	3	0	0.543742032975115	17.0
IFI6	1	0	0.520202651757871	17.0
MARCKSL1	1	0	0.519398582689731	17.0
MMP2	1	0	0.510263328946747	17.0
SAT1	3	0	0.469728769533834	17.0
TCEB2	1	0	0.42132564029705	17.0
IL32	1	0	0.395347949712377	17.0
ANGPT2	1	0	0.376111939479371	17.0
ATP5E	1	0	0.327381033259161	17.0
APLP2	1	0	0.298278246293108	17.0
BST2	1	0	0.294352282916926	17.0
CXCR4	1	0	0.289014010939187	17.0
YWHAH	1	0	0.264361032103695	17.0
LINC00152	1	0	0.218819735669553	17.0
NOTCH4	1	0	0.208452840210223	17.0
ESM1	1	0	0.186168685996012	17.0
MIR4435-1HG	1	0	0.171199033313901	17.0
MT-CO1	1	0	0.153194470973722	17.0
PTRF	1	0	0.151407786446168	17.0
HSP90B1	1	0	0.130899596037512	17.0
ADAMTS9	1	0	0.130133164683756	17.0
MLEC	1	0	0.0373711888667111	17.0
CXCL8	2	0	1.37630119375392	17.5
HSPA1B	2	0	1.23558384387046	17.5
PPAP2A	2	0	0.996002085120451	17.5
ITGB1	2	0	0.713948786478161	18.0
TXNIP	2	0	1.10241823802277	18.5
IL1B	3	0	1.66805140333472	19.0
TYROBP	3	0	1.64827370286712	19.0
LYZ	3	0	1.62387331343919	19.0
FCN1	3	0	1.60817601703878	19.0
LST1	3	0	1.04095151227175	19.0
SLC9A3R2	3	0	0.832365307910667	19.0
TIMP3	3	0	0.667391882650424	19.0
CD320	2	0	1.06915322097443	19.5
HLA-DRA	2	0	0.903587312929523	19.5
CRIP1	2	0	0.734732866037316	20.0
SPP1	2	0	1.20226828961789	21.0
MTRNR2L12	2	0	1.03567243845446	21.0
TIMP1	2	0	0.936397334773024	21.0
MT2A	2	0	0.891945056623424	21.0
JUND	2	0	0.654743093785824	21.0
IER2	2	0	0.615982832098107	21.0
HSP90AA1	2	0	0.596138503596662	21.0
PECAM1	2	0	0.574262360012554	21.0
RAMP3	2	0	0.517183582651911	21.0
CD9	2	0	0.501615082757148	21.0
HSPA8	2	0	0.485316046678387	21.0
LMNA	2	0	0.463370144749141	21.0
DNAJA1	2	0	0.328248286397054	21.0
HES1	3	0	0.755925376433039	22.0
CD93	2	0	1.14557839969838	23.0
HLA-B	2	0	1.0867069963498	23.0
IGFBP4	2	0	0.90764975599824	23.0
RPS21	2	0	0.819558559669311	23.0
MT-ND3	2	0	0.725125381865689	23.0
ESAM	3	0	0.530348491904419	23.0
APP	2	0	0.515377552698701	23.0
RPL39	2	0	0.148693147724084	23.0
DUSP1	1	0	2.02661962533749	25.0
TOX	3	0	1.77897198470861	25.0
TIGIT	3	0	1.773686972679	25.0
PDCD1	3	0	1.75108133457187	25.0
S100A8	3	0	1.74663318761672	25.0
NKG7	3	0	1.72825982148407	25.0
CTLA4	3	0	1.72579804004999	25.0
GZMH	3	0	1.72455287444553	25.0
CCL3	3	0	1.7195232027157	25.0
CD8A	3	0	1.71081027185053	25.0
GZMB	3	0	1.70161762328266	25.0
CTSW	3	0	1.63308939434697	25.0
TNF	3	0	1.60713913986626	25.0
RELA	3	0	1.60559911040587	25.0
JUN	3	0	1.31581475163016	25.0
HAVCR2	3	0	1.28313435538421	25.0
EIF1	1	0	1.24250944570554	25.0
HSPA1A	3	0	1.23140912183061	25.0
RAMP2	3	0	1.22133558056404	25.0
COL15A1	3	0	1.05219258412421	25.0
NFKB1	3	0	1.00054648913401	25.0
VEGFA	3	0	0.98914321591775	25.0
CXCL12	1	0	0.973966871067592	25.0
COL1A1	3	0	0.938931288598279	25.0
CLDN5	3	0	0.930421412368328	25.0
CD74	3	0	0.926780642287892	25.0
H19	1	0	0.914966857540019	25.0
IGFBP7	3	0	0.903446933084761	25.0
TSC22D1	3	0	0.882132686499119	25.0
EMCN	3	0	0.881518594281955	25.0
TACC1	3	0	0.853844553651833	25.0
FOS	3	0	0.851481656580954	25.0
LAG3	3	0	0.835509534918432	25.0
COL4A1	3	0	0.781807081540652	25.0
TM4SF1	1	0	0.780112347524519	25.0
MGP	3	0	0.778253587815653	25.0
SPARC	3	0	0.766804209582392	25.0
HERPUD1	3	0	0.757246136649693	25.0
POSTN	1	0	0.749566875782077	25.0
PLVAP	3	0	0.747139309121704	25.0
SPARCL1	3	0	0.72933730842584	25.0
RELB	3	0	0.701358696232072	25.0
VWA1	3	0	0.699453824262512	25.0
ID3	3	0	0.684286991470731	25.0
S100A9	3	0	0.679463468807034	25.0
LUM	3	0	0.67752295597416	25.0
COL1A2	3	0	0.664381896014991	25.0
COL4A2	3	0	0.663123454454935	25.0
TGFBR2	3	0	0.631538332797234	25.0
ANXA1	1	0	0.630904748943896	25.0
AQP1	3	0	0.618963230792181	25.0
NFKBIA	3	0	0.595908199356716	25.0
SERPINE1	3	0	0.546334645092857	25.0
PLPP1	1	0	0.543170762622507	25.0
PPP1R15A	1	0	0.52962123746974	25.0
SMAD3	3	0	0.526411263861819	25.0
ENG	3	0	0.521270162399461	25.0
FABP5	3	0	0.517976462591951	25.0
ENTPD1	3	0	0.513406292477415	25.0
IGFBP5	3	0	0.511685929120321	25.0
SRGN	3	0	0.510025660951248	25.0
NEAT1	3	0	0.4999648478198	25.0
SOD2	1	0	0.495845203894684	25.0
ACTB	1	0	0.463282201949265	25.0
RGCC	3	0	0.458902786100889	25.0
GADD45B	1	0	0.451243526353102	25.0
SMAD4	3	0	0.448210974921293	25.0
COL3A1	3	0	0.446080868286826	25.0
EMP1	1	0	0.435838773137679	25.0
RPL18A	1	0	0.427391837966776	25.0
TGFBR1	3	0	0.426048656380161	25.0
ITGA6	1	0	0.410455817181316	25.0
ZFP36L1	1	0	0.403340145024657	25.0
RPL10A	1	0	0.353438834408453	25.0
IFI27	3	0	0.334428872513908	25.0
SMAD2	3	0	0.331334799297697	25.0
CALM1	1	0	0.331127063267286	25.0
LGALS1	3	0	0.330200144788321	25.0
RPL10	1	0	0.325102946791149	25.0
STC1	3	0	0.319063933917087	25.0
SLCO2A1	1	0	0.315636029405881	25.0
CAV1	3	0	0.306068656534077	25.0
RPS3A	1	0	0.300841355571947	25.0
TGFB1	3	0	0.296348363070836	25.0
DCN	3	0	0.287796100524771	25.0
JUNB	3	0	0.271156656711018	25.0
S100A10	3	0	0.250251770839322	25.0
RPS23	1	0	0.22104738297748	25.0
ADIRF	1	0	0.193169831549707	25.0
RPL15	1	0	0.188803588095037	25.0
RPL9	1	0	0.183878184912892	25.0
CCN2	1	0	0.161350916900835	25.0
PRSS23	3	0	0.159232678496022	25.0
FN1	3	0	0.158340057942874	25.0
XIST	1	0	0.155711327867755	25.0
RPS15A	1	0	0.14701677096052	25.0
IER3	1	0	0.144992208438993	25.0
VWF	3	0	0.14004523261115	25.0
ZFP36	3	0	0.135665652603218	25.0
EGR1	1	0	0.109180013169495	25.0
MARCKS	3	0	0.0825328342177144	25.0
PRCP	1	0	0.0603997958989146	25.0
CTHRC1	3	0	0.0588712842213012	25.0
RPL34	3	0	0.0508148110720082	25.0
S100A6	2	0	1.34892023964667	27.0
MCAM	2	0	0.822189694312865	27.0
HEG1	2	0	0.73843522470922	27.0
KLF2	2	0	0.662423012395972	27.0
HYAL2	2	0	0.656749780305715	27.0
RPL12	2	0	0.609057909846269	27.0
ADAMTS1	2	0	0.49176943515342	27.0
PCDH17	2	0	0.42273877576029	27.0
FTH1	2	0	0.421592229097273	27.0
MALAT1	2	0	0.404447139026928	27.0
RPS4X	2	0	0.363944260399789	27.0
RPS13	2	0	0.230543860049579	27.0
RPS7	2	0	0.19018190742235	27.0
RPL26	2	0	0.175470524795171	27.0
RPS2	2	0	0.163358262482989	27.0
RPL30	2	0	0.141183504384818	27.0
TMSB10	1	0	1.76028278581831	29.0
H3F3A	1	0	1.75587299147602	29.0
MT-ND5	1	0	1.74989431856096	29.0
CLU	1	0	1.73773605598283	29.0
MT-ND4L	1	0	1.72769072323754	29.0
IFITM3	1	0	1.72232442415583	29.0
TCF4	1	0	1.71987067815139	29.0
CD81	1	0	1.71724147678022	29.0
APLNR	1	0	0.963215158658356	29.0
S100A11	1	0	0.790114338700662	29.0
IFITM1	1	0	0.692925858713131	29.0
C10orf10	1	0	0.669029330420528	29.0
SRP14	1	0	0.533060361581971	29.0
F2RL3	1	0	0.522954155325326	29.0
VIM	1	0	0.442239002402206	29.0
CALCRL	1	0	0.339224308941789	29.0
SDPR	1	0	0.339040510096178	29.0
RPS29	1	0	0.225850975388736	29.0
LIFR	1	0	0.202009491474586	29.0
GPX1	1	0	0.165476827902572	29.0
IGF2	1	0	0.158761561618697	29.0
RPL7A	1	0	0.143760250722816	29.0
HSPG2	1	0	0.0950291889435323	29.0
RPL36	1	0	0.0922445397243638	29.0
RPL37A	1	0	0.0703569253911787	29.0
RPL35A	1	0	0.0558880293224113	29.0
RPL37	1	0	0.0385702252844224	29.0
MT-ND2	1	0	0.0362743350076415	29.0
RPS15	1	0	0.0350160056273776	29.0
RPS12	1	0	0.0348390436111269	29.0
RPS18	1	0	0.0295062825304004	29.0
RPL3	1	0	0.027159463926375	29.0
RPS3	1	0	0.0239038216313428	29.0
RPL32	1	0	0.0179168799702325	29.0
RPS24	1	0	0.0038393928603125	29.0
RPS8	1	0	0.0023224459217125	29.0
